{
  "bucket_width": 0.05,
  "half_spread": [
    0.004,
    0.0050000000000000044,
    0.0050000000000000044,
    0.0050000000000000044,
    0.0050000000000000044,
    0.0050000000000000044,
    0.0050000000000000044,
    0.0050000000000000044,
    0.009999999999999981,
    0.010000000000000009,
    0.010000000000000009,
    0.009999999999999953,
    0.0050000000000000044,
    0.009999999999999953,
    0.0050000000000000044,
    0.0050000000000000044,
    0.0050000000000000044,
    0.0050000000000000044,
    0.0050000000000000044,
    0.0040000000000000036
  ],
  "depth": [
    70.0,
    79.345,
    85.0,
    80.0,
    85.0,
    44.655,
    34.155,
    25.0,
    22.42,
    80.0,
    80.0,
    25.0,
    25.0,
    35.0,
    44.655,
    80.47,
    80.0,
    80.57,
    80.0,
    70.0
  ],
  "global_half_spread": 0.0050000000000000044,
  "global_depth": 66.025,
  "_meta": {
    "n_snapshots": 14836,
    "n_tokens": 8228
  }
}